<assembly
    xmlns="http://maven.apache.org/plugins/maven-assembly-plugin/assembly/1.1.0"
    xmlns:xsi="http://www.w3.org/2001/XMLSchema-instance"
    xsi:schemaLocation="http://maven.apache.org/plugins/maven-assembly-plugin/assembly/1.1.0 http://maven.apache.org/xsd/assembly-1.1.0.xsd">
    <id>fat</id>
    <formats>
        <format>jar</format>
    </formats>
    <includeBaseDirectory>false</includeBaseDirectory>
    <dependencySets>
        <dependencySet>
            <scope>compile</scope>
            <unpack>true</unpack>
        </dependencySet>
        <dependencySet>
            <scope>provided</scope>
            <unpack>true</unpack>
            <includes>
                <include>io.javalin:javalin:jar</include>
                <include>com.squareup.okhttp3:okhttp:jar</include>
            </includes>
            <useTransitiveFiltering>true</useTransitiveFiltering>
        </dependencySet>
    </dependencySets>
</assembly>
