<!DOCTYPE suite SYSTEM "http://testng.org/testng-1.0.dtd" >

<suite thread-count="2" name="SeleniumGridDocker" parallel="tests">


    <test name="Chrome Test">
        <parameter name="browser" value="chrome" />
        <parameter name="Port" value="9001" />
        <classes>
            <class name="TestClass" />
        </classes>
    </test>

        <test name="Firefox Test">
            <parameter name="browser" value="firefox" />
            <parameter name="Port" value="9002" />
            <classes>
                <class name="TestClass" />
            </classes>
        </test>

</suite>